id,name,team_id,team_name,position,price,ownership,status,chance,minutes,total_points,form,ppg,ep_next,ep_this,goals,assists,clean_sheets,bonus,bps,ict,creativity,threat,influence,starts,news,fixture_next3,fixture_next6,expected_minutes,expected_gw_points,value,captain_score,differential_score,transfer_score,recommendation
411,Haaland,15,Man City,FWD,15.5,70.7,a,100.0,2953.0,239.0,0.0,6.8,4.0,0.0,27.0,8.0,13.0,43.0,952.0,302.3,320.1,1520.0,1180.4,34.0,,0.5833333333333334,0.5,72.0,4.181,0.269741935483871,52.67041666666667,25.498705161290324,4.501909435483871,BUY
426,B.Fernandes,16,Man Utd,MID,12.0,48.9,a,100.0,3065.0,235.0,0.0,6.7,4.0,0.0,9.0,24.0,7.0,41.0,1008.0,381.4,1938.5,614.0,1258.0,35.0,,0.6666666666666666,0.5416666666666666,72.3,4.029,0.33575,51.32895833333333,24.74701333333333,4.5220996187499996,BUY
4,Gabriel,1,Arsenal,DEF,8.0,28.7,a,100.0,2750.0,209.0,0.0,6.5,4.0,0.0,3.0,5.0,18.0,30.0,724.0,125.0,128.5,298.0,824.0,30.0,,0.4166666666666667,0.5,73.2,3.536,0.442,45.71825,22.085856000000003,4.03269,BUY
12,Saka,1,Arsenal,MID,9.5,9.7,a,100.0,2218.0,157.0,0.0,5.1,3.2,0.0,7.0,10.0,12.0,18.0,570.0,230.6,847.6,828.0,627.0,25.0,,0.4166666666666667,0.5,70.7,3.14,0.3305263157894737,41.96069444444445,19.89596159844055,3.584430188596492,BUY
397,Semenyo,15,Man City,MID,8.5,26.5,a,100.0,3200.0,202.0,0.0,5.5,2.9,0.0,17.0,6.0,12.0,18.0,678.0,257.7,607.4,1047.0,923.2,37.0,,0.5833333333333334,0.5,69.0,3.125,0.36764705882352944,42.043749999999996,19.083333333333336,3.6306069852941176,BUY
399,Cherki,15,Man City,MID,7.5,8.0,a,100.0,1772.0,135.0,0.0,4.1,2.6,0.0,4.0,13.0,8.0,16.0,580.0,218.1,996.6,579.0,604.2,19.0,,0.5833333333333334,0.5,69.6,2.939,0.3918666666666667,40.19708333333333,18.841901955555556,3.5839449400000003,BUY
480,Gibbs-White,18,Nott'm Forest,MID,8.0,11.9,a,100.0,3101.0,188.0,0.0,5.1,2.8,0.0,15.0,4.0,10.0,18.0,712.0,242.5,747.7,836.0,843.8,35.0,,0.5,0.5,69.6,2.957,0.369625,40.24166666666667,18.612310444444443,3.4887767708333333,BUY
452,Bruno G.,1,Arsenal,MID,7.0,9.0,a,100.0,2456.0,154.0,0.0,5.3,2.5,0.0,9.0,7.0,6.0,22.0,681.0,202.9,756.7,488.0,782.4,27.0,,0.4166666666666667,0.5,69.4,2.874,0.4105714285714286,39.27180555555556,18.39794666666667,3.4197740571428574,BUY
400,Doku,15,Man City,MID,7.5,6.4,a,100.0,1773.0,120.0,0.0,4.0,2.6,0.0,5.0,8.0,8.0,15.0,526.0,202.5,841.6,645.0,540.2,19.0,,0.5833333333333334,0.5,69.6,2.833,0.37773333333333337,39.13708333333333,18.31091191111111,3.49089418,BUY
387,O'Reilly,15,Man City,DEF,6.5,21.6,a,100.0,2643.0,160.0,0.0,4.7,3.1,0.0,5.0,4.0,14.0,10.0,567.0,164.1,413.9,573.0,653.8,29.0,,0.5833333333333334,0.5,70.9,2.889,0.4444615384615384,39.72597222222222,17.997877384615382,3.5462557557692307,BUY
428,Cunha,16,Man Utd,MID,8.0,11.3,a,100.0,2493.0,143.0,0.0,4.3,2.8,0.0,10.0,4.0,8.0,14.0,591.0,202.5,545.4,801.0,675.8,29.0,,0.6666666666666666,0.5416666666666666,68.6,2.857,0.357125,39.526736111111106,17.955785629629627,3.5078621354166666,BUY
106,Thiago,4,Brentford,FWD,8.0,17.6,a,100.0,3282.0,181.0,0.0,4.8,2.5,0.0,22.0,1.0,10.0,22.0,710.0,256.9,382.5,1170.0,1019.4,37.0,,0.5833333333333334,0.4583333333333333,68.9,2.917,0.364625,39.925069444444446,17.87349640740741,3.4360447135416665,BUY
398,Foden,15,Man City,MID,7.0,4.9,a,100.0,2078.0,131.0,0.0,4.0,2.5,0.0,7.0,5.0,11.0,13.0,563.0,201.9,918.8,520.0,583.2,23.0,,0.5833333333333334,0.5,69.4,2.729,0.38985714285714285,38.092638888888885,17.814487407407405,3.4221019857142863,BUY
439,Šeško,16,Man Utd,FWD,7.0,1.7,d,75.0,1630.0,111.0,0.0,3.7,1.7,0.0,11.0,2.0,2.0,19.0,405.0,143.4,156.1,803.0,483.8,17.0,Shin injury - 75% chance of playing,0.6666666666666666,0.5416666666666666,69.0,2.682,0.3831428571428571,37.785624999999996,17.73224126984127,3.465303619047619,BUY
95,O.Dango,4,Brentford,MID,6.5,1.4,a,100.0,2271.0,136.0,0.0,4.2,2.3,0.0,7.0,8.0,6.0,16.0,429.0,162.8,422.8,702.0,509.8,25.0,,0.5833333333333334,0.4583333333333333,69.0,2.656,0.40861538461538466,37.31729166666667,17.647871452991456,3.382152217948718,BUY
527,Richarlison,19,Spurs,FWD,6.0,2.5,a,100.0,1954.0,119.0,0.0,3.7,2.0,0.0,11.0,4.0,7.0,17.0,505.0,165.2,239.6,815.0,602.6,20.0,,0.5833333333333334,0.5,69.0,2.655,0.44249999999999995,37.34374999999999,17.620311111111114,3.4236360416666662,BUY
388,Guéhi,15,Man City,DEF,6.0,20.3,a,100.0,3150.0,179.0,0.0,5.1,2.8,0.0,3.0,5.0,14.0,14.0,688.0,160.9,304.6,402.0,901.6,35.0,,0.5833333333333334,0.5,70.1,2.817,0.46950000000000003,38.988194444444446,17.546988666666667,3.4949080375000006,BUY
55,Watkins,2,Aston Villa,FWD,8.0,12.4,a,100.0,2833.0,167.0,0.0,4.5,2.5,0.0,16.0,4.0,9.0,26.0,623.0,225.2,330.9,1206.0,720.2,33.0,,0.5,0.5,67.8,2.814,0.35175,38.77166666666667,17.54099822222222,3.311061979166667,BUY
165,João Pedro,6,Chelsea,FWD,7.5,59.8,a,100.0,2658.0,177.0,0.0,5.1,2.3,0.0,15.0,9.0,10.0,30.0,715.0,212.1,456.6,909.0,758.4,31.0,,0.4166666666666667,0.5,67.4,2.876,0.3834666666666667,39.24736111111111,17.506190696296297,3.2891615733333333,BUY
415,Dorgu,16,Man Utd,MID,6.0,1.6,a,100.0,1440.0,95.0,0.0,3.7,2.1,0.0,4.0,4.0,4.0,11.0,321.0,120.3,394.2,341.0,469.0,15.0,,0.6666666666666666,0.5416666666666666,69.0,2.624,0.43733333333333335,37.205625,17.496248888888893,3.4725105000000003,BUY
154,Palmer,6,Chelsea,MID,9.5,10.6,a,100.0,1954.0,114.0,0.0,4.4,3.2,0.0,10.0,2.0,3.0,11.0,430.0,147.7,393.6,547.0,536.6,24.0,,0.4166666666666667,0.5,67.9,2.795,0.2942105263157895,38.44847222222223,17.46976910331384,3.193535177631579,BUY
427,Mbeumo,16,Man Utd,MID,8.0,30.6,a,100.0,2611.0,148.0,0.0,4.5,2.8,0.0,11.0,3.0,8.0,16.0,528.0,231.4,803.1,882.0,628.8,31.0,,0.6666666666666666,0.5416666666666666,67.9,2.868,0.3585,39.621180555555554,17.457516,3.4551515625,BUY
236,Dewsbury-Hall,9,Everton,MID,6.5,3.5,a,100.0,2629.0,151.0,0.0,4.9,2.3,0.0,8.0,7.0,8.0,18.0,598.0,166.0,601.1,438.0,619.4,30.0,,0.4166666666666667,0.5416666666666666,68.1,2.658,0.4089230769230769,37.119375,17.424336683760682,3.266972783333333,BUY
498,Senesi,19,Spurs,DEF,6.0,9.6,a,100.0,3288.0,175.0,0.0,4.7,2.8,0.0,0.0,6.0,11.0,14.0,571.0,168.6,367.8,201.0,1114.4,37.0,,0.5833333333333334,0.5,69.7,2.695,0.44916666666666666,37.75930555555556,17.391160370370372,3.4248948125,BUY
356,Virgil,14,Liverpool,DEF,6.5,17.9,a,100.0,3420.0,175.0,0.0,4.6,3.1,0.0,6.0,1.0,10.0,10.0,593.0,187.6,215.9,490.0,1169.4,38.0,,0.5833333333333334,0.5416666666666666,70.9,2.79,0.42923076923076925,38.77243055555555,17.388753618233615,3.461927365384616,BUY
481,Anderson,15,Man City,MID,6.5,9.6,a,100.0,3332.0,180.0,0.0,4.7,2.3,0.0,4.0,5.0,10.0,16.0,795.0,219.0,961.5,310.0,915.2,37.0,,0.5833333333333334,0.5,69.0,2.707,0.41646153846153844,37.863749999999996,17.343103589743592,3.388094788461538,BUY
13,Rice,1,Arsenal,MID,7.5,20.0,a,100.0,3093.0,184.0,0.0,5.1,2.6,0.0,4.0,9.0,18.0,23.0,790.0,215.4,1027.4,298.0,827.2,35.0,,0.4166666666666667,0.5,69.0,2.814,0.37520000000000003,38.66291666666667,17.264202666666666,3.2576031,BUY
465,Osula,17,Newcastle,FWD,6.0,1.1,a,100.0,805.0,76.0,0.0,3.2,2.0,0.0,7.0,1.0,2.0,13.0,284.0,62.2,82.6,284.0,256.6,8.0,,0.4166666666666667,0.5416666666666666,69.0,2.529,0.4215,35.040575,16.94544888888889,3.204644458333333,BUY
260,Wilson,13,Leeds,MID,6.5,7.3,a,100.0,2674.0,168.0,0.0,4.7,2.3,0.0,10.0,9.0,9.0,21.0,637.0,196.9,661.1,601.0,707.2,32.0,,0.5,0.4583333333333333,66.5,2.64,0.4061538461538462,36.96631944444445,16.893737037037038,3.218251217948718,BUY
335,Stach,13,Leeds,MID,6.0,1.1,a,100.0,2369.0,137.0,0.0,4.7,2.1,0.0,5.0,6.0,7.0,14.0,550.0,188.8,921.4,315.0,650.0,28.0,,0.5,0.4583333333333333,66.9,2.547,0.42450000000000004,36.04520833333333,16.881382444444444,3.2117595458333335,BUY
155,Enzo,6,Chelsea,MID,7.0,5.3,a,100.0,3114.0,157.0,0.0,4.4,2.5,0.0,10.0,5.0,8.0,19.0,700.0,264.6,1063.2,747.0,835.6,35.0,,0.4166666666666667,0.5,69.0,2.569,0.367,36.212916666666665,16.76502222222222,3.1355728333333337,BUY
238,Grealish,15,Man City,MID,6.5,0.1,a,100.0,1627.0,79.0,0.0,4.0,2.3,0.0,2.0,6.0,7.0,12.0,356.0,129.2,520.5,397.0,374.2,18.0,,0.5833333333333334,0.5,69.0,2.495,0.38384615384615384,35.74375,16.75235213675214,3.24512657051282,BUY
229,Tarkowski,9,Everton,DEF,6.0,9.5,a,100.0,3330.0,170.0,0.0,4.6,2.8,0.0,2.0,3.0,11.0,12.0,592.0,165.7,235.6,422.0,995.6,37.0,,0.4166666666666667,0.5416666666666666,70.1,2.581,0.43016666666666664,36.393819444444446,16.722638592592592,3.2147624875000003,BUY
368,Szoboszlai,14,Liverpool,MID,7.0,41.2,a,100.0,3232.0,160.0,0.0,4.4,2.5,0.0,6.0,7.0,9.0,21.0,780.0,260.9,1324.6,417.0,867.8,36.0,,0.5833333333333334,0.5416666666666666,69.3,2.685,0.38357142857142856,37.686875,16.543435714285717,3.294061178571429,BUY
208,Sarr,8,Crystal Palace,MID,6.5,6.4,a,100.0,2173.0,117.0,0.0,4.2,2.3,0.0,9.0,2.0,9.0,9.0,359.0,135.1,269.4,601.0,479.8,24.0,,0.4166666666666667,0.5,69.0,2.499,0.38446153846153847,35.51291666666667,16.301041367521368,3.0858234551282053,BUY
40,Rogers,6,Chelsea,MID,7.5,26.6,a,100.0,3280.0,169.0,0.0,4.6,2.6,0.0,10.0,8.0,9.0,17.0,605.0,232.0,706.2,871.0,746.2,37.0,,0.4166666666666667,0.5,69.1,2.649,0.3532,37.01513888888889,16.259875955555557,3.096397215,BUY
401,Marmoush,15,Man City,FWD,7.0,0.8,a,100.0,691.0,56.0,0.0,2.7,2.2,0.0,3.0,3.0,4.0,5.0,182.0,64.4,159.8,284.0,203.2,8.0,,0.5833333333333334,0.5,67.6,2.449,0.3498571428571428,35.25263888888888,16.254415767195766,3.1410505142857135,WATCH
366,Wirtz,14,Liverpool,MID,7.5,14.7,a,100.0,2374.0,125.0,0.0,3.8,2.6,0.0,5.0,4.0,10.0,17.0,521.0,210.0,908.2,665.0,526.4,27.0,,0.5833333333333334,0.5416666666666666,68.8,2.611,0.34813333333333335,36.935763888888886,16.25215931851852,3.21017818,BUY
371,Gravenberch,14,Liverpool,MID,6.0,1.9,a,100.0,2991.0,144.0,0.0,4.0,2.1,0.0,5.0,5.0,9.0,17.0,671.0,140.1,497.2,220.0,687.0,34.0,,0.5833333333333334,0.5416666666666666,68.2,2.436,0.40599999999999997,35.17243055555556,16.24486162962963,3.2056101000000004,BUY
390,Rúben,15,Man City,DEF,5.5,1.6,a,100.0,2139.0,113.0,0.0,4.3,2.5,0.0,2.0,0.0,12.0,4.0,453.0,81.0,152.2,96.0,560.8,24.0,,0.5833333333333334,0.5,69.0,2.401,0.4365454545454545,33.183749999999996,16.18060686868687,3.2082563257575756,BUY
389,Matheus N.,15,Man City,DEF,6.0,3.2,d,75.0,2861.0,154.0,0.0,4.5,2.1,0.0,1.0,8.0,12.0,16.0,676.0,137.6,545.0,131.0,696.0,32.0,Knock - 75% chance of playing,0.5833333333333334,0.5,68.8,2.433,0.40549999999999997,34.54930555555555,16.17613437037037,3.18801145,BUY
533,Mukiele,20,Sunderland,DEF,5.5,2.8,d,75.0,2784.0,151.0,0.0,4.7,1.9,0.0,3.0,5.0,9.0,11.0,489.0,132.9,353.1,242.0,733.6,32.0,Knock - 75% chance of playing,0.6666666666666666,0.5,67.8,2.422,0.4403636363636364,35.1225,16.125208404040407,3.2572825303030304,BUY
367,Gakpo,14,Liverpool,MID,7.0,3.6,a,100.0,2736.0,131.0,0.0,3.6,2.5,0.0,7.0,5.0,10.0,5.0,449.0,208.4,714.7,831.0,540.4,32.0,,0.5833333333333334,0.5416666666666666,67.6,2.462,0.35171428571428576,35.41909722222223,16.123744126984125,3.148733828571429,BUY
199,Benitez,8,Crystal Palace,GK,4.5,0.1,a,100.0,90.0,7.0,0.0,7.0,1.9,0.0,0.0,0.0,1.0,0.0,29.0,2.3,0.0,0.0,22.8,1.0,,0.4166666666666667,0.5,69.0,2.338,0.5195555555555555,26.13141666666667,16.07318518518519,3.1349662222222223,BUY
542,E.Le Fée,20,Sunderland,MID,6.0,11.9,a,100.0,2930.0,147.0,0.0,4.1,2.1,0.0,5.0,6.0,10.0,16.0,621.0,186.9,816.4,324.0,725.8,33.0,,0.6666666666666666,0.5,68.5,2.519,0.41983333333333334,36.10805555555555,16.02811222222222,3.2635973125000004,BUY
336,Okafor,13,Leeds,MID,6.0,0.6,a,100.0,1553.0,109.0,0.0,3.9,2.1,0.0,8.0,3.0,6.0,11.0,354.0,115.0,275.0,435.0,438.8,19.0,,0.5,0.4583333333333333,65.8,2.416,0.4026666666666667,34.710763888888884,16.02770725925926,3.0639889,WATCH
1,Raya,1,Arsenal,GK,6.0,34.1,a,100.0,3330.0,162.0,0.0,4.4,4.0,0.0,0.0,0.0,19.0,11.0,633.0,57.5,33.5,0.0,541.6,37.0,,0.4166666666666667,0.5,73.2,2.527,0.4211666666666667,29.98825,15.97850177777778,3.1327123666666674,BUY
532,Ballard,20,Sunderland,DEF,5.0,4.7,a,100.0,2144.0,116.0,0.0,4.0,2.2,0.0,2.0,2.0,6.0,9.0,340.0,121.5,181.2,370.0,662.8,24.0,,0.6666666666666666,0.5,68.7,2.386,0.4772,34.7825,15.908275911111112,3.2669159633333336,BUY
200,Lacroix,6,Chelsea,DEF,6.0,10.6,a,100.0,3085.0,154.0,0.0,4.4,2.8,0.0,1.0,2.0,11.0,11.0,529.0,124.3,106.4,316.0,822.0,35.0,,0.4166666666666667,0.5,69.4,2.472,0.412,34.72860555555555,15.905650962962968,3.0667234,BUY
369,Ngumoha,14,Liverpool,MID,6.0,1.2,a,100.0,547.0,43.0,0.0,2.3,2.1,0.0,2.0,1.0,2.0,4.0,188.0,60.1,222.8,203.0,176.0,5.0,,0.5833333333333334,0.5416666666666666,69.0,2.353,0.3921666666666667,34.36020833333333,15.847475555555558,3.1404132916666665,BUY
